Ref,Value,Footprint,Part / MPN,Assembly,Note
"H1","M3","MountingHole:MountingHole_3.2mm_M3_DIN965_Pad","","hand",""
"H2","M3","MountingHole:MountingHole_3.2mm_M3_DIN965_Pad","","hand",""
"H3","M3","MountingHole:MountingHole_3.2mm_M3_DIN965_Pad","","hand",""
"H4","M3","MountingHole:MountingHole_3.2mm_M3_DIN965_Pad","","hand",""
"J1","USB-C PD/CHARGE","Connector_USB:USB_C_Receptacle_HRO_TYPE-C-31-M-12","HRO TYPE-C-31-M-12 (LCSC C165948)","SMT",""
"U1","CH224A","Package_SO:SSOP-10-1EP_3.9x4.9mm_P1mm_EP2.1x3.3mm","WCH CH224A, 24k on CFG1 = 12 V (datasheet tab. 5-1)","SMT",""
"R1","24k","Resistor_SMD:R_0603_1608Metric","24k 1% 0603","SMT",""
"C1","1uF 25V","Capacitor_SMD:C_0805_2012Metric","1uF 25V X7R","SMT",""
"J2","DC 6-20V","Connector_BarrelJack:BarrelJack_CUI_PJ-063AH_Horizontal","CUI PJ-063AH","hand",""
"D1","B540C","Diode_SMD:D_SMC","Diodes B540C-13-F","SMT",""
"D2","B540C","Diode_SMD:D_SMC","Diodes B540C-13-F","SMT",""
"D3","SMBJ22A","Diode_SMD:D_SMB","TVS SMBJ22A, cathode to CHG_IN","SMT",""
"U2","BQ25798","Package_DFN_QFN:Texas_RQM0029A_VQFN-29_4x4mm_P0.4mm","TI BQ25798RQMR","SMT",""
"L1","2.2uH","Inductor_SMD:L_Bourns_SRP7028A_7.3x6.6mm","2.2 uH >= 8 A sat, e.g. Bourns SRP7028A-2R2M","SMT",""
"C2","47nF 25V","Capacitor_SMD:C_0603_1608Metric","47nF 25V X7R","SMT",""
"C3","47nF 25V","Capacitor_SMD:C_0603_1608Metric","47nF 25V X7R","SMT",""
"C4","4.7uF 16V","Capacitor_SMD:C_0805_2012Metric","4.7uF 16V X7R","SMT",""
"C5","10uF 25V","Capacitor_SMD:C_1206_3216Metric","10uF 25V X7R","SMT",""
"C6","10uF 25V","Capacitor_SMD:C_1206_3216Metric","10uF 25V X7R","SMT",""
"C7","100nF 50V","Capacitor_SMD:C_0603_1608Metric","100nF 50V X7R","SMT",""
"C8","10uF 25V","Capacitor_SMD:C_1206_3216Metric","10uF 25V X7R","SMT",""
"C9","10uF 25V","Capacitor_SMD:C_1206_3216Metric","10uF 25V X7R","SMT",""
"C10","10uF 25V","Capacitor_SMD:C_1206_3216Metric","10uF 25V X7R","SMT",""
"C11","100nF 50V","Capacitor_SMD:C_0603_1608Metric","100nF 50V X7R","SMT",""
"C12","10uF 25V","Capacitor_SMD:C_1206_3216Metric","10uF 25V X7R","SMT",""
"C13","10uF 25V","Capacitor_SMD:C_1206_3216Metric","10uF 25V X7R","SMT",""
"C14","10uF 25V","Capacitor_SMD:C_1206_3216Metric","10uF 25V X7R","SMT",""
"C15","10uF 25V","Capacitor_SMD:C_1206_3216Metric","10uF 25V X7R","SMT",""
"C16","10uF 25V","Capacitor_SMD:C_1206_3216Metric","10uF 25V X7R","SMT",""
"C17","100nF 50V","Capacitor_SMD:C_0603_1608Metric","100nF 50V X7R","SMT",""
"C18","10uF 25V","Capacitor_SMD:C_1206_3216Metric","10uF 25V X7R","SMT",""
"C19","10uF 25V","Capacitor_SMD:C_1206_3216Metric","10uF 25V X7R","SMT",""
"R2","8.2k","Resistor_SMD:R_0603_1608Metric","8.2k 1% 0603: 750 kHz, 2S (datasheet 7.3.2)","SMT",""
"R3","100","Resistor_SMD:R_0603_1608Metric","100 1% 0603","SMT",""
"C20","1nF 50V","Capacitor_SMD:C_0603_1608Metric","1nF 50V X7R","SMT",""
"R4","5.23k","Resistor_SMD:R_0603_1608Metric","5.23k 1% 0603","SMT",""
"R5","30.1k","Resistor_SMD:R_0603_1608Metric","30.1k 1% 0603","SMT",""
"RT1","10k NTC 103AT","Resistor_SMD:R_0603_1608Metric","Semitec 103AT-2 or 10k B3435 0603, at the cells","SMT",""
"R6","10k","Resistor_SMD:R_0603_1608Metric","10k 1% 0603","SMT",""
"R7","1k","Resistor_SMD:R_0603_1608Metric","1k 1% 0603","SMT",""
"LED1","CHG","LED_SMD:LED_0603_1608Metric","0603 orange","SMT",""
"TP1","QON","TestPoint:TestPoint_Pad_D1.0mm","","SMT",""
"BT1","18650 low","Battery:BatteryHolder_Keystone_1042_1x18650","Keystone 1042 + 18650 cell (protected cell recommended)","hand",""
"BT2","18650 high","Battery:BatteryHolder_Keystone_1042_1x18650","Keystone 1042 + 18650 cell","hand",""
"F1","5A","Fuse:Fuse_1812_4532Metric","Littelfuse 1812L500 or SMD fuse 5 A 1812","SMT",""
"U3","BQ29209","Package_SON:VSON-8-1EP_3x3mm_P0.65mm_EP1.65x2.4mm","TI BQ29209DRBR: 2S OVP + balancing","SMT",""
"R8","1k","Resistor_SMD:R_0603_1608Metric","1k 1% 0603","SMT",""
"R9","1k","Resistor_SMD:R_0603_1608Metric","1k 1% 0603","SMT",""
"C21","100nF","Capacitor_SMD:C_0603_1608Metric","100nF X7R","SMT",""
"C22","100nF","Capacitor_SMD:C_0603_1608Metric","100nF X7R","SMT",""
"R10","910","Resistor_SMD:R_0603_1608Metric","910 5% 0603: ~3 mA balance current","SMT",""
"R11","100","Resistor_SMD:R_0603_1608Metric","100 1% 0603","SMT",""
"C23","100nF","Capacitor_SMD:C_0603_1608Metric","100nF X7R","SMT",""
"C24","100nF","Capacitor_SMD:C_0603_1608Metric","100nF X7R","SMT",""
"R12","100k","Resistor_SMD:R_0603_1608Metric","OUT high on cell overvoltage -> CE high -> no charging","SMT",""
"R13","47k","Resistor_SMD:R_0603_1608Metric","47k 1% 0603","SMT",""
"U4","TPS55340","Package_SO:Texas_HTSSOP-14-1EP_4.4x5mm_P0.65mm_EP3.4x5mm_Mask2.94x3.34mm_ThermalVias","TI TPS55340PWPR","SMT",""
"L2","10uH","Inductor_SMD:L_Bourns_SRP7028A_7.3x6.6mm","10 uH >= 6 A sat, e.g. Bourns SRP7028A-100M","SMT",""
"D4","B540C","Diode_SMD:D_SMC","Diodes B540C-13-F","SMT",""
"C25","10uF 25V","Capacitor_SMD:C_1206_3216Metric","10uF 25V X7R","SMT",""
"C26","10uF 25V","Capacitor_SMD:C_1206_3216Metric","10uF 25V X7R","SMT",""
"C27","100nF 50V","Capacitor_SMD:C_0603_1608Metric","100nF 50V X7R","SMT",""
"R14","100k","Resistor_SMD:R_0603_1608Metric","100k 1% 0603","SMT",""
"C28","47nF","Capacitor_SMD:C_0603_1608Metric","47nF X7R","SMT",""
"R15","78.7k","Resistor_SMD:R_0603_1608Metric","78.7k 1%: 600 kHz (datasheet 8.2.1.2.2)","SMT",""
"R16","2k","Resistor_SMD:R_0603_1608Metric","2k 1% 0603","SMT",""
"C29","100nF","Capacitor_SMD:C_0603_1608Metric","100nF X7R","SMT",""
"C30","100pF","Capacitor_SMD:C_0603_1608Metric","100pF X7R","SMT",""
"R17","88.7k","Resistor_SMD:R_0603_1608Metric","88.7k 1%: 12.13 V with 10k (eq. 24)","SMT",""
"R18","10k","Resistor_SMD:R_0603_1608Metric","10k 1% 0603","SMT",""
"C31","10uF 25V","Capacitor_SMD:C_1206_3216Metric","10uF 25V X7R","SMT",""
"C32","10uF 25V","Capacitor_SMD:C_1206_3216Metric","10uF 25V X7R","SMT",""
"C33","10uF 25V","Capacitor_SMD:C_1206_3216Metric","10uF 25V X7R","SMT",""
"C34","100uF 25V","Capacitor_SMD:CP_Elec_8x10","100 uF 25 V low-ESR electrolytic, 8x10","SMT",""
"U5","TPS259541","Package_SON:Texas_DSG0008A_WSON-8-1EP_2x2mm_P0.5mm_EP0.9x1.6mm","TI TPS259541DSGR: 13.7 V clamp, auto-retry","SMT",""
"C35","22nF","Capacitor_SMD:C_0603_1608Metric","22nF X7R","SMT",""
"R19","1.4k","Resistor_SMD:R_0603_1608Metric","1.40k 1%: ~1.5 A limit (datasheet ILIMIT table)","SMT",""
"R20","100k","Resistor_SMD:R_0603_1608Metric","100k 1% 0603","SMT",""
"R21","13.7k","Resistor_SMD:R_0603_1608Metric","UVLO ~10 V","SMT",""
"Q1","AO3400A","Package_TO_SOT_SMD:SOT-23","AO3400A: GPIO high = lens power off","SMT",""
"R22","100k","Resistor_SMD:R_0603_1608Metric","100k 1% 0603","SMT",""
"R23","10k","Resistor_SMD:R_0603_1608Metric","10k 1% 0603","SMT",""
"RS1","20mR","Resistor_SMD:R_2512_6332Metric","20 mOhm 1% 2512, 1 W","SMT",""
"U6","INA219","Package_TO_SOT_SMD:SOT-23-8","TI INA219AIDCNR (SOT-23-8: A1 A0 SDA SCL VS GND IN- IN+), addr 0x40","SMT",""
"C36","100nF","Capacitor_SMD:C_0603_1608Metric","100nF X7R","SMT",""
"C37","10uF 25V","Capacitor_SMD:C_1206_3216Metric","10uF 25V X7R","SMT",""
"U7","LM317","Package_TO_SOT_SMD:SOT-223-3_TabPin2","LM317 SOT-223","SMT",""
"R24","240","Resistor_SMD:R_0603_1608Metric","240 1% 0603","SMT",""
"R25","1.5k","Resistor_SMD:R_0603_1608Metric","9.06 V","SMT",""
"C38","1uF 25V","Capacitor_SMD:C_0805_2012Metric","1uF 25V X7R","SMT",""
"C39","10uF 25V","Capacitor_SMD:C_1206_3216Metric","10uF 25V X7R","SMT",""
"U8","AP63205","Package_TO_SOT_SMD:SOT-23-6","Diodes AP63205WU-7 (FB VOUT, EN, VIN, GND, SW, BST)","SMT",""
"L3","4.7uH","Inductor_SMD:L_Bourns-SRN4018","4.7 uH >= 3 A, e.g. Bourns SRN4018-4R7M","SMT",""
"C40","100nF","Capacitor_SMD:C_0603_1608Metric","100nF X7R","SMT",""
"C41","10uF 25V","Capacitor_SMD:C_1206_3216Metric","10uF 25V X7R","SMT",""
"C42","22uF 10V","Capacitor_SMD:C_1206_3216Metric","22uF 10V X7R","SMT",""
"C43","22uF 10V","Capacitor_SMD:C_1206_3216Metric","22uF 10V X7R","SMT",""
"D5","BAT60A","Diode_SMD:D_SOD-323","Schottky 1 A SOD-323: no back-feed from the ESP32's USB","SMT",""
"U9","AP2112K-3.3","Package_TO_SOT_SMD:SOT-23-5","Diodes AP2112K-3.3TRG1","SMT",""
"C44","1uF","Capacitor_SMD:C_0603_1608Metric","1uF X7R","SMT",""
"C45","4.7uF","Capacitor_SMD:C_0805_2012Metric","4.7uF X7R","SMT",""
"R26","1k","Resistor_SMD:R_0603_1608Metric","1k 1% 0603","SMT",""
"LED2","PWR","LED_SMD:LED_0603_1608Metric","0603 green","SMT",""
"U10","MCP4728","Package_SO:MSOP-10_3x3mm_P0.5mm","Microchip MCP4728-E/UN, LDAC low","SMT",""
"C46","100nF","Capacitor_SMD:C_0603_1608Metric","100nF X7R","SMT",""
"U11","ADS1115","Package_SO:MSOP-10_3x3mm_P0.5mm","TI ADS1115IDGSR, ADDR=GND -> 0x48","SMT",""
"C47","100nF","Capacitor_SMD:C_0603_1608Metric","100nF X7R","SMT",""
"U12","LM324","Package_SO:SOIC-14_3.9x8.7mm_P1.27mm","LM324DR","SMT",""
"C48","100nF","Capacitor_SMD:C_0603_1608Metric","100nF X7R","SMT",""
"U13","CD4066B","Package_SO:SOIC-14_3.9x8.7mm_P1.27mm","TI CD4066BM96: outputs open until the firmware enables them","SMT",""
"C49","100nF","Capacitor_SMD:C_0603_1608Metric","100nF X7R","SMT",""
"R30","10k","Resistor_SMD:R_0603_1608Metric","10k 1% 0603","SMT",""
"R31","10k","Resistor_SMD:R_0603_1608Metric","10k 1% 0603","SMT",""
"R32","5.6k","Resistor_SMD:R_0603_1608Metric","5.6k 1% 0603","SMT",""
"R33","10k","Resistor_SMD:R_0603_1608Metric","10k 1% 0603","SMT",""
"R34","10k","Resistor_SMD:R_0603_1608Metric","10k 1% 0603","SMT",""
"R35","1k","Resistor_SMD:R_0603_1608Metric","1k 1% 0603","SMT",""
"C50","100nF","Capacitor_SMD:C_0603_1608Metric","100nF X7R","SMT",""
"R40","100k","Resistor_SMD:R_0603_1608Metric","100k 1% 0603","SMT",""
"R41","180k","Resistor_SMD:R_0603_1608Metric","180k 1% 0603","SMT",""
"R42","100k","Resistor_SMD:R_0603_1608Metric","100k 1% 0603","SMT",""
"R43","180k","Resistor_SMD:R_0603_1608Metric","180k 1% 0603","SMT",""
"R44","1.2k","Resistor_SMD:R_0603_1608Metric","1.2k 1% 0603","SMT",""
"R45","100k","Resistor_SMD:R_0603_1608Metric","100k 1% 0603","SMT",""
"R46","180k","Resistor_SMD:R_0603_1608Metric","180k 1% 0603","SMT",""
"R47","100k","Resistor_SMD:R_0603_1608Metric","100k 1% 0603","SMT",""
"R48","180k","Resistor_SMD:R_0603_1608Metric","180k 1% 0603","SMT",""
"R49","1.2k","Resistor_SMD:R_0603_1608Metric","1.2k 1% 0603","SMT",""
"R50","1k","Resistor_SMD:R_0603_1608Metric","pin 8 remote: 5 V through 1k (through the CD4066)","SMT",""
"R51","100k","Resistor_SMD:R_0603_1608Metric","100k 1% 0603","SMT",""
"R52","68k","Resistor_SMD:R_0603_1608Metric","68k 1% 0603","SMT",""
"C51","100nF","Capacitor_SMD:C_0603_1608Metric","100nF X7R","SMT",""
"R53","100k","Resistor_SMD:R_0603_1608Metric","100k 1% 0603","SMT",""
"R54","68k","Resistor_SMD:R_0603_1608Metric","68k 1% 0603","SMT",""
"C52","100nF","Capacitor_SMD:C_0603_1608Metric","100nF X7R","SMT",""
"R55","100k","Resistor_SMD:R_0603_1608Metric","100k 1% 0603","SMT",""
"R56","68k","Resistor_SMD:R_0603_1608Metric","68k 1% 0603","SMT",""
"C53","100nF","Capacitor_SMD:C_0603_1608Metric","100nF X7R","SMT",""
"R57","100k","Resistor_SMD:R_0603_1608Metric","100k 1% 0603","SMT",""
"R58","68k","Resistor_SMD:R_0603_1608Metric","68k 1% 0603","SMT",""
"C54","100nF","Capacitor_SMD:C_0603_1608Metric","100nF X7R","SMT",""
"Q2","AO3401A","Package_TO_SOT_SMD:SOT-23","AO3401A P-ch","SMT",""
"Q3","AO3400A","Package_TO_SOT_SMD:SOT-23","AO3400A N-ch","SMT",""
"R60","100k","Resistor_SMD:R_0603_1608Metric","100k 1% 0603","SMT",""
"R61","10k","Resistor_SMD:R_0603_1608Metric","10k 1% 0603","SMT",""
"R62","100k","Resistor_SMD:R_0603_1608Metric","100k 1% 0603","SMT",""
"R63","100k","Resistor_SMD:R_0603_1608Metric","100k 1% 0603","SMT",""
"J10","DEVKIT 3V3 ROW","Connector_PinSocket_2.54mm:PinSocket_1x15_P2.54mm_Vertical","female header 1x15, DevKit V1","hand",""
"J11","DEVKIT VIN ROW 22.86","Connector_PinSocket_2.54mm:PinSocket_1x15_P2.54mm_Vertical","female header 1x15 - fit only the 22.86 mm row your DevKit needs","hand",""
"J12","DEVKIT VIN ROW 25.40","Connector_PinSocket_2.54mm:PinSocket_1x15_P2.54mm_Vertical","female header 1x15 - fit only the 25.40 mm row your DevKit needs","hand",""
"J13","DEVKIT VIN ROW 27.94","Connector_PinSocket_2.54mm:PinSocket_1x15_P2.54mm_Vertical","female header 1x15 - fit only the 27.94 mm row your DevKit needs","hand",""
"J14","S3-ETH VBUS ROW","Connector_PinSocket_2.54mm:PinSocket_1x20_P2.54mm_Vertical","female header 1x20, ESP32-S3-ETH","hand",""
"J15","S3-ETH IO20 ROW","Connector_PinSocket_2.54mm:PinSocket_1x20_P2.54mm_Vertical","female header 1x20, ESP32-S3-ETH","hand",""
"R64","4.7k","Resistor_SMD:R_0603_1608Metric","4.7k 1% 0603","SMT",""
"R65","4.7k","Resistor_SMD:R_0603_1608Metric","4.7k 1% 0603","SMT",""
"R66","330","Resistor_SMD:R_0603_1608Metric","330 1% 0603","SMT",""
"LED3","STATUS","LED_SMD:LED_0603_1608Metric","0603 blue","SMT",""
"SW_VTR","VTR","Button_Switch_SMD:SW_SPST_PTS645Sx43SMTR92","C&K PTS645SM43SMTR92","SMT",""
"R_VTRP","10k","Resistor_SMD:R_0603_1608Metric","10k 1% 0603","SMT",""
"R_VTRS","1k","Resistor_SMD:R_0603_1608Metric","1k 1% 0603","SMT",""
"C_VTR","100nF","Capacitor_SMD:C_0603_1608Metric","100nF X7R","SMT",""
"D_VTR","BAT54J","Diode_SMD:D_SOD-323","Schottky SOD-323: lens grip button pulls the line low, lens voltage blocked","SMT",""
"SW_RET","RET","Button_Switch_SMD:SW_SPST_PTS645Sx43SMTR92","C&K PTS645SM43SMTR92","SMT",""
"R_RETP","10k","Resistor_SMD:R_0603_1608Metric","10k 1% 0603","SMT",""
"R_RETS","1k","Resistor_SMD:R_0603_1608Metric","1k 1% 0603","SMT",""
"C_RET","100nF","Capacitor_SMD:C_0603_1608Metric","100nF X7R","SMT",""
"D_RET","BAT54J","Diode_SMD:D_SOD-323","Schottky SOD-323: lens grip button pulls the line low, lens voltage blocked","SMT",""
"Q4","AO3400A","Package_TO_SOT_SMD:SOT-23","AO3400A","SMT",""
"R67","150","Resistor_SMD:R_0603_1608Metric","150 1% 0603","SMT",""
"R68","100k","Resistor_SMD:R_0603_1608Metric","100k 1% 0603","SMT",""
"J20","BUTTONS","Connector_JST:JST_XH_B5B-XH-A_1x05_P2.50mm_Vertical","JST B5B-XH-A","hand",""
"U14","PC817","Package_DIP:SMDIP-4_W7.62mm","PC817C SMD","SMT",""
"R73","2.2k","Resistor_SMD:R_0805_2012Metric","2.2k 0805: 5-24 V tally input","SMT",""
"R74","10k","Resistor_SMD:R_0603_1608Metric","10k 1% 0603","SMT",""
"F2","0.5A PTC","Fuse:Fuse_1206_3216Metric","0.5 A hold PTC 1206","SMT",""
"Q5","AO3400A","Package_TO_SOT_SMD:SOT-23","AO3400A","SMT",""
"Q6","AO3400A","Package_TO_SOT_SMD:SOT-23","AO3400A","SMT",""
"R69","100","Resistor_SMD:R_0603_1608Metric","100 1% 0603","SMT",""
"R70","100","Resistor_SMD:R_0603_1608Metric","100 1% 0603","SMT",""
"R71","100k","Resistor_SMD:R_0603_1608Metric","100k 1% 0603","SMT",""
"R72","100k","Resistor_SMD:R_0603_1608Metric","100k 1% 0603","SMT",""
"J21","TALLY","Connector_JST:JST_XH_B5B-XH-A_1x05_P2.50mm_Vertical","JST B5B-XH-A","hand",""
"RV1","10k IRIS","Potentiometer_THT:Potentiometer_Alps_RK09K_Single_Vertical","Alps RK09K1130A (zoom: with centre detent)","hand",""
"JP1","POT I","Connector_PinHeader_2.54mm:PinHeader_1x03_P2.54mm_Vertical","1x3 header + jumper: 1-2 on-board, 2-3 external","hand",""
"R80","1k","Resistor_SMD:R_0603_1608Metric","1k 1% 0603","SMT",""
"C80","100nF","Capacitor_SMD:C_0603_1608Metric","100nF X7R","SMT",""
"J22","EXT POT I","Connector_JST:JST_XH_B3B-XH-A_1x03_P2.50mm_Vertical","JST B3B-XH-A","hand",""
"RV2","10k ZOOM","Potentiometer_THT:Potentiometer_Alps_RK09K_Single_Vertical","Alps RK09K1130A (zoom: with centre detent)","hand",""
"JP2","POT Z","Connector_PinHeader_2.54mm:PinHeader_1x03_P2.54mm_Vertical","1x3 header + jumper: 1-2 on-board, 2-3 external","hand",""
"R81","1k","Resistor_SMD:R_0603_1608Metric","1k 1% 0603","SMT",""
"C81","100nF","Capacitor_SMD:C_0603_1608Metric","100nF X7R","SMT",""
"J23","EXT POT Z","Connector_JST:JST_XH_B3B-XH-A_1x03_P2.50mm_Vertical","JST B3B-XH-A","hand",""
"RV3","10k FOCUS","Potentiometer_THT:Potentiometer_Alps_RK09K_Single_Vertical","Alps RK09K1130A (zoom: with centre detent)","hand",""
"JP3","POT F","Connector_PinHeader_2.54mm:PinHeader_1x03_P2.54mm_Vertical","1x3 header + jumper: 1-2 on-board, 2-3 external","hand",""
"R82","1k","Resistor_SMD:R_0603_1608Metric","1k 1% 0603","SMT",""
"C82","100nF","Capacitor_SMD:C_0603_1608Metric","100nF X7R","SMT",""
"J24","EXT POT F","Connector_JST:JST_XH_B3B-XH-A_1x03_P2.50mm_Vertical","JST B3B-XH-A","hand",""
"J3","LENS","Connector_JST:JST_XH_B10B-XH-A_1x10_P2.50mm_Vertical","JST B10B-XH-A to Hirose HR10 12-pin","hand",""
"J4","ZOOM DEMAND","Connector_JST:JST_XH_B4B-XH-A_1x04_P2.50mm_Vertical","JST B4B-XH-A to the black grip socket: GND, 6, 7, 9","hand",""
"J5","FOCUS DEMAND","Connector_JST:JST_XH_B4B-XH-A_1x04_P2.50mm_Vertical","JST B4B-XH-A, focus module socket (pinout to be measured)","hand",""
"J6","OLED","Connector_JST:JST_XH_B4B-XH-A_1x04_P2.50mm_Vertical","JST B4B-XH-A: OLED SSD1306 on a cable (GND VCC SCL SDA)","hand",""
"TP10","CHG_IN","TestPoint:TestPoint_Pad_D1.0mm","","SMT",""
"TP11","VSYS","TestPoint:TestPoint_Pad_D1.0mm","","SMT",""
"TP12","VBAT","TestPoint:TestPoint_Pad_D1.0mm","","SMT",""
"TP13","V12","TestPoint:TestPoint_Pad_D1.0mm","","SMT",""
"TP14","V12_LENS","TestPoint:TestPoint_Pad_D1.0mm","","SMT",""
"TP15","V9","TestPoint:TestPoint_Pad_D1.0mm","","SMT",""
"TP16","V5","TestPoint:TestPoint_Pad_D1.0mm","","SMT",""
"TP17","A3V3","TestPoint:TestPoint_Pad_D1.0mm","","SMT",""
"TP18","IRIS_CTRL","TestPoint:TestPoint_Pad_D1.0mm","","SMT",""
"TP19","ZOOM_CTRL","TestPoint:TestPoint_Pad_D1.0mm","","SMT",""
"TP20","GND","TestPoint:TestPoint_Pad_D1.0mm","","SMT",""
"TP21","GND","TestPoint:TestPoint_Pad_D1.0mm","","SMT",""
