Designator,Qty,Value,Footprint,Manufacturer Part
J1,1,USB-C PD/CHARGE,USB_C_Receptacle_HRO_TYPE-C-31-M-12,HRO TYPE-C-31-M-12 (LCSC C165948)
U1,1,CH224A,SSOP-10-1EP_3.9x4.9mm_P1mm_EP2.1x3.3mm,"WCH CH224A, 24k on CFG1 = 12 V (datasheet tab. 5-1)"
R1,1,24k,R_0603_1608Metric,24k 1% 0603
C1 C38,2,1uF 25V,C_0805_2012Metric,1uF 25V X7R
D1 D2 D4,3,B540C,D_SMC,Diodes B540C-13-F
D3,1,SMBJ22A,D_SMB,"TVS SMBJ22A, cathode to CHG_IN"
U2,1,BQ25798,Texas_RQM0029A_VQFN-29_4x4mm_P0.4mm,TI BQ25798RQMR
L1,1,2.2uH,L_Bourns_SRP7028A_7.3x6.6mm,"2.2 uH >= 8 A sat, e.g. Bourns SRP7028A-2R2M"
C2 C3,2,47nF 25V,C_0603_1608Metric,47nF 25V X7R
C4,1,4.7uF 16V,C_0805_2012Metric,4.7uF 16V X7R
C5 C6 C8 C9 C10 C12 C13 C14 C15 C16 C18 C19 C25 C26 C31 C32 C33 C37 C39 C41,20,10uF 25V,C_1206_3216Metric,10uF 25V X7R
C7 C11 C17 C27,4,100nF 50V,C_0603_1608Metric,100nF 50V X7R
R2,1,8.2k,R_0603_1608Metric,"8.2k 1% 0603: 750 kHz, 2S (datasheet 7.3.2)"
R3 R11 R69 R70,4,100,R_0603_1608Metric,100 1% 0603
C20,1,1nF 50V,C_0603_1608Metric,1nF 50V X7R
R4,1,5.23k,R_0603_1608Metric,5.23k 1% 0603
R5,1,30.1k,R_0603_1608Metric,30.1k 1% 0603
RT1,1,10k NTC 103AT,R_0603_1608Metric,"Semitec 103AT-2 or 10k B3435 0603, at the cells"
R6 R18 R23 R30 R31 R33 R34 R61 R_VTRP R_RETP R74,11,10k,R_0603_1608Metric,10k 1% 0603
R7 R8 R9 R26 R35 R_VTRS R_RETS R80 R81 R82,10,1k,R_0603_1608Metric,1k 1% 0603
LED1,1,CHG,LED_0603_1608Metric,0603 orange
TP1,1,QON,TestPoint_Pad_D1.0mm,
F1,1,5A,Fuse_1812_4532Metric,Littelfuse 1812L500 or SMD fuse 5 A 1812
U3,1,BQ29209,VSON-8-1EP_3x3mm_P0.65mm_EP1.65x2.4mm,TI BQ29209DRBR: 2S OVP + balancing
C21 C22 C23 C24 C29 C36 C40 C46 C47 C48 C49 C50 C51 C52 C53 C54 C_VTR C_RET C80 C81 C82,21,100nF,C_0603_1608Metric,100nF X7R
R10,1,910,R_0603_1608Metric,910 5% 0603: ~3 mA balance current
R12,1,100k,R_0603_1608Metric,OUT high on cell overvoltage -> CE high -> no charging
R13,1,47k,R_0603_1608Metric,47k 1% 0603
U4,1,TPS55340,Texas_HTSSOP-14-1EP_4.4x5mm_P0.65mm_EP3.4x5mm_Mask2.94x3.34mm_ThermalVias,TI TPS55340PWPR
L2,1,10uH,L_Bourns_SRP7028A_7.3x6.6mm,"10 uH >= 6 A sat, e.g. Bourns SRP7028A-100M"
R14 R20 R22 R40 R42 R45 R47 R51 R53 R55 R57 R60 R62 R63 R68 R71 R72,17,100k,R_0603_1608Metric,100k 1% 0603
C28,1,47nF,C_0603_1608Metric,47nF X7R
R15,1,78.7k,R_0603_1608Metric,78.7k 1%: 600 kHz (datasheet 8.2.1.2.2)
R16,1,2k,R_0603_1608Metric,2k 1% 0603
C30,1,100pF,C_0603_1608Metric,100pF X7R
R17,1,88.7k,R_0603_1608Metric,88.7k 1%: 12.13 V with 10k (eq. 24)
C34,1,100uF 25V,CP_Elec_8x10,"100 uF 25 V low-ESR electrolytic, 8x10"
U5,1,TPS259541,Texas_DSG0008A_WSON-8-1EP_2x2mm_P0.5mm_EP0.9x1.6mm,"TI TPS259541DSGR: 13.7 V clamp, auto-retry"
C35,1,22nF,C_0603_1608Metric,22nF X7R
R19,1,1.4k,R_0603_1608Metric,1.40k 1%: ~1.5 A limit (datasheet ILIMIT table)
R21,1,13.7k,R_0603_1608Metric,UVLO ~10 V
Q1,1,AO3400A,SOT-23,AO3400A: GPIO high = lens power off
RS1,1,20mR,R_2512_6332Metric,"20 mOhm 1% 2512, 1 W"
U6,1,INA219,SOT-23-8,"TI INA219AIDCNR (SOT-23-8: A1 A0 SDA SCL VS GND IN- IN+), addr 0x40"
U7,1,LM317,SOT-223-3_TabPin2,LM317 SOT-223
R24,1,240,R_0603_1608Metric,240 1% 0603
R25,1,1.5k,R_0603_1608Metric,9.06 V
U8,1,AP63205,SOT-23-6,"Diodes AP63205WU-7 (FB VOUT, EN, VIN, GND, SW, BST)"
L3,1,4.7uH,L_Bourns-SRN4018,"4.7 uH >= 3 A, e.g. Bourns SRN4018-4R7M"
C42 C43,2,22uF 10V,C_1206_3216Metric,22uF 10V X7R
D5,1,BAT60A,D_SOD-323,Schottky 1 A SOD-323: no back-feed from the ESP32's USB
U9,1,AP2112K-3.3,SOT-23-5,Diodes AP2112K-3.3TRG1
C44,1,1uF,C_0603_1608Metric,1uF X7R
C45,1,4.7uF,C_0805_2012Metric,4.7uF X7R
LED2,1,PWR,LED_0603_1608Metric,0603 green
U10,1,MCP4728,MSOP-10_3x3mm_P0.5mm,"Microchip MCP4728-E/UN, LDAC low"
U11,1,ADS1115,MSOP-10_3x3mm_P0.5mm,"TI ADS1115IDGSR, ADDR=GND -> 0x48"
U12,1,LM324,SOIC-14_3.9x8.7mm_P1.27mm,LM324DR
U13,1,CD4066B,SOIC-14_3.9x8.7mm_P1.27mm,TI CD4066BM96: outputs open until the firmware enables them
R32,1,5.6k,R_0603_1608Metric,5.6k 1% 0603
R41 R43 R46 R48,4,180k,R_0603_1608Metric,180k 1% 0603
R44 R49,2,1.2k,R_0603_1608Metric,1.2k 1% 0603
R50,1,1k,R_0603_1608Metric,pin 8 remote: 5 V through 1k (through the CD4066)
R52 R54 R56 R58,4,68k,R_0603_1608Metric,68k 1% 0603
Q2,1,AO3401A,SOT-23,AO3401A P-ch
Q3,1,AO3400A,SOT-23,AO3400A N-ch
R64 R65,2,4.7k,R_0603_1608Metric,4.7k 1% 0603
R66,1,330,R_0603_1608Metric,330 1% 0603
LED3,1,STATUS,LED_0603_1608Metric,0603 blue
SW_VTR,1,VTR,SW_SPST_PTS645Sx43SMTR92,C&K PTS645SM43SMTR92
D_VTR D_RET,2,BAT54J,D_SOD-323,"Schottky SOD-323: lens grip button pulls the line low, lens voltage blocked"
SW_RET,1,RET,SW_SPST_PTS645Sx43SMTR92,C&K PTS645SM43SMTR92
Q4 Q5 Q6,3,AO3400A,SOT-23,AO3400A
R67,1,150,R_0603_1608Metric,150 1% 0603
U14,1,PC817,SMDIP-4_W7.62mm,PC817C SMD
R73,1,2.2k,R_0805_2012Metric,2.2k 0805: 5-24 V tally input
F2,1,0.5A PTC,Fuse_1206_3216Metric,0.5 A hold PTC 1206
TP10,1,CHG_IN,TestPoint_Pad_D1.0mm,
TP11,1,VSYS,TestPoint_Pad_D1.0mm,
TP12,1,VBAT,TestPoint_Pad_D1.0mm,
TP13,1,V12,TestPoint_Pad_D1.0mm,
TP14,1,V12_LENS,TestPoint_Pad_D1.0mm,
TP15,1,V9,TestPoint_Pad_D1.0mm,
TP16,1,V5,TestPoint_Pad_D1.0mm,
TP17,1,A3V3,TestPoint_Pad_D1.0mm,
TP18,1,IRIS_CTRL,TestPoint_Pad_D1.0mm,
TP19,1,ZOOM_CTRL,TestPoint_Pad_D1.0mm,
TP20 TP21,2,GND,TestPoint_Pad_D1.0mm,
