Designator,Mid X,Mid Y,Layer,Rotation
C1,19.500000mm,-7.000000mm,Top,0.000000
C2,14.500000mm,-22.500000mm,Top,0.000000
C3,24.000000mm,-21.250000mm,Top,0.000000
C4,14.500000mm,-27.750000mm,Top,0.000000
C5,10.500000mm,-19.000000mm,Top,0.000000
C6,13.250000mm,-30.250000mm,Top,0.000000
C7,14.750000mm,-19.000000mm,Top,0.000000
C8,28.000000mm,-16.750000mm,Top,0.000000
C9,28.250000mm,-20.500000mm,Top,0.000000
C10,28.000000mm,-23.500000mm,Top,0.000000
C11,24.000000mm,-19.000000mm,Top,0.000000
C12,31.500000mm,-26.250000mm,Top,0.000000
C13,26.500000mm,-26.750000mm,Top,0.000000
C14,30.250000mm,-36.000000mm,Top,0.000000
C15,31.500000mm,-29.000000mm,Top,0.000000
C16,31.500000mm,-32.500000mm,Top,0.000000
C17,24.250000mm,-29.000000mm,Top,0.000000
C18,14.750000mm,-36.500000mm,Top,0.000000
C19,12.000000mm,-39.500000mm,Top,0.000000
C20,24.000000mm,-30.750000mm,Top,0.000000
C21,14.000000mm,-55.000000mm,Top,0.000000
C22,14.000000mm,-58.000000mm,Top,0.000000
C23,4.000000mm,-52.000000mm,Top,0.000000
C24,6.750000mm,-57.250000mm,Top,0.000000
C25,38.750000mm,-18.000000mm,Top,0.000000
C26,39.000000mm,-21.500000mm,Top,0.000000
C27,43.000000mm,-18.000000mm,Top,0.000000
C28,51.000000mm,-27.500000mm,Top,0.000000
C29,54.250000mm,-18.000000mm,Top,0.000000
C30,51.000000mm,-18.000000mm,Top,0.000000
C31,57.000000mm,-27.000000mm,Top,0.000000
C32,57.000000mm,-37.000000mm,Top,0.000000
C33,58.750000mm,-30.750000mm,Top,0.000000
C34,46.000000mm,-40.000000mm,Top,0.000000
C35,63.000000mm,-19.000000mm,Top,0.000000
C36,81.000000mm,-27.000000mm,Top,0.000000
C37,82.000000mm,-21.500000mm,Top,0.000000
C38,84.500000mm,-6.000000mm,Top,0.000000
C39,95.000000mm,-11.250000mm,Top,0.000000
C40,24.000000mm,-46.000000mm,Top,0.000000
C41,15.250000mm,-45.750000mm,Top,0.000000
C42,25.250000mm,-50.750000mm,Top,0.000000
C43,23.750000mm,-57.750000mm,Top,0.000000
C44,32.000000mm,-52.000000mm,Top,0.000000
C45,32.250000mm,-56.000000mm,Top,0.000000
C46,63.000000mm,-30.000000mm,Top,0.000000
C47,80.000000mm,-30.000000mm,Top,0.000000
C48,58.000000mm,-40.000000mm,Top,0.000000
C49,80.000000mm,-40.000000mm,Top,0.000000
C50,54.750000mm,-55.000000mm,Top,0.000000
C51,78.250000mm,-59.750000mm,Top,0.000000
C52,79.500000mm,-58.000000mm,Top,0.000000
C53,82.750000mm,-58.000000mm,Top,0.000000
C54,86.000000mm,-58.000000mm,Top,0.000000
C80,59.250000mm,-66.500000mm,Top,0.000000
C81,73.850000mm,-66.500000mm,Top,0.000000
C82,88.450000mm,-66.500000mm,Top,0.000000
C_RET,25.500000mm,-64.000000mm,Top,0.000000
C_VTR,12.000000mm,-66.000000mm,Top,0.000000
D1,38.000000mm,-7.000000mm,Top,90.000000
D2,45.000000mm,-7.000000mm,Top,90.000000
D3,51.200000mm,-6.000000mm,Top,90.000000
D4,51.000000mm,-32.000000mm,Top,0.000000
D5,28.000000mm,-48.000000mm,Top,0.000000
D_RET,27.000000mm,-66.000000mm,Top,0.000000
D_VTR,15.500000mm,-66.000000mm,Top,0.000000
F1,9.000000mm,-44.000000mm,Top,90.000000
F2,97.000000mm,-66.000000mm,Top,0.000000
J1,5.500000mm,-8.000000mm,Top,-90.000000
L1,23.000000mm,-35.500000mm,Top,0.000000
L2,39.000000mm,-32.000000mm,Top,0.000000
L3,20.000000mm,-54.000000mm,Top,0.000000
LED1,5.000000mm,-23.000000mm,Top,0.000000
LED2,32.000000mm,-59.000000mm,Top,0.000000
LED3,95.000000mm,-42.000000mm,Top,0.000000
Q1,69.250000mm,-26.000000mm,Top,0.000000
Q2,84.000000mm,-42.000000mm,Top,0.000000
Q3,84.000000mm,-47.000000mm,Top,0.000000
Q4,35.750000mm,-74.750000mm,Top,0.000000
Q5,95.000000mm,-71.000000mm,Top,0.000000
Q6,95.000000mm,-77.000000mm,Top,0.000000
R1,19.500000mm,-14.750000mm,Top,0.000000
R2,16.000000mm,-32.500000mm,Top,0.000000
R3,20.000000mm,-30.750000mm,Top,0.000000
R4,9.000000mm,-26.000000mm,Top,0.000000
R5,9.000000mm,-29.000000mm,Top,0.000000
R6,9.000000mm,-31.250000mm,Top,0.000000
R7,9.000000mm,-23.000000mm,Top,0.000000
R8,14.000000mm,-49.000000mm,Top,0.000000
R9,14.000000mm,-52.000000mm,Top,0.000000
R10,4.000000mm,-55.000000mm,Top,0.000000
R11,4.000000mm,-49.000000mm,Top,0.000000
R12,4.000000mm,-59.000000mm,Top,0.000000
R13,4.000000mm,-62.000000mm,Top,0.000000
R14,43.000000mm,-27.250000mm,Top,0.000000
R15,54.000000mm,-24.750000mm,Top,0.000000
R16,54.000000mm,-21.000000mm,Top,0.000000
R17,58.000000mm,-23.000000mm,Top,0.000000
R18,58.000000mm,-24.750000mm,Top,0.000000
R19,69.000000mm,-19.000000mm,Top,0.000000
R20,62.250000mm,-26.000000mm,Top,0.000000
R21,65.500000mm,-26.000000mm,Top,0.000000
R22,73.000000mm,-26.000000mm,Top,0.000000
R23,73.000000mm,-22.000000mm,Top,0.000000
R24,86.750000mm,-11.000000mm,Top,0.000000
R25,90.000000mm,-11.000000mm,Top,0.000000
R26,28.000000mm,-59.000000mm,Top,0.000000
R30,56.000000mm,-52.000000mm,Top,0.000000
R31,57.500000mm,-50.250000mm,Top,0.000000
R32,60.000000mm,-52.000000mm,Top,0.000000
R33,63.250000mm,-52.000000mm,Top,0.000000
R34,66.500000mm,-52.000000mm,Top,0.000000
R35,69.750000mm,-52.000000mm,Top,0.000000
R40,58.000000mm,-55.000000mm,Top,0.000000
R41,61.250000mm,-54.500000mm,Top,0.000000
R42,64.500000mm,-54.500000mm,Top,0.000000
R43,67.750000mm,-55.000000mm,Top,0.000000
R44,71.000000mm,-54.750000mm,Top,0.000000
R45,59.000000mm,-58.000000mm,Top,0.000000
R46,62.000000mm,-56.250000mm,Top,0.000000
R47,63.500000mm,-58.000000mm,Top,0.000000
R48,66.750000mm,-58.000000mm,Top,0.000000
R49,70.000000mm,-58.000000mm,Top,0.000000
R50,73.000000mm,-52.000000mm,Top,0.000000
R51,76.250000mm,-52.000000mm,Top,0.000000
R52,76.250000mm,-54.750000mm,Top,0.000000
R53,79.500000mm,-52.000000mm,Top,0.000000
R54,79.500000mm,-55.000000mm,Top,0.000000
R55,82.750000mm,-52.000000mm,Top,0.000000
R56,82.750000mm,-55.000000mm,Top,0.000000
R57,86.000000mm,-52.750000mm,Top,0.000000
R58,86.000000mm,-55.000000mm,Top,0.000000
R60,88.000000mm,-42.000000mm,Top,0.000000
R61,88.000000mm,-45.000000mm,Top,0.000000
R62,88.000000mm,-48.000000mm,Top,0.000000
R63,88.000000mm,-51.000000mm,Top,0.000000
R64,95.000000mm,-33.000000mm,Top,0.000000
R65,95.000000mm,-36.000000mm,Top,0.000000
R66,95.000000mm,-39.000000mm,Top,0.000000
R67,35.500000mm,-72.000000mm,Top,0.000000
R68,32.000000mm,-75.000000mm,Top,0.000000
R69,99.500000mm,-70.000000mm,Top,0.000000
R70,99.500000mm,-76.000000mm,Top,0.000000
R71,99.500000mm,-72.500000mm,Top,0.000000
R72,99.500000mm,-78.500000mm,Top,0.000000
R73,92.000000mm,-55.000000mm,Top,0.000000
R74,100.500000mm,-52.750000mm,Top,0.000000
R80,58.500000mm,-63.500000mm,Top,0.000000
R81,73.100000mm,-63.500000mm,Top,0.000000
R82,87.700000mm,-63.500000mm,Top,0.000000
RS1,77.000000mm,-18.000000mm,Top,0.000000
RT1,37.000000mm,-38.000000mm,Top,0.000000
R_RETP,19.250000mm,-66.000000mm,Top,0.000000
R_RETS,22.500000mm,-66.000000mm,Top,0.000000
R_VTRP,9.000000mm,-67.750000mm,Top,0.000000
R_VTRS,9.500000mm,-64.250000mm,Top,0.000000
SW_RET,25.000000mm,-73.500000mm,Top,0.000000
SW_VTR,12.000000mm,-73.500000mm,Top,0.000000
U1,15.500000mm,-11.000000mm,Top,0.000000
U2,20.000000mm,-26.000000mm,Top,0.000000
U3,9.000000mm,-52.000000mm,Top,0.000000
U4,47.000000mm,-23.000000mm,Top,0.000000
U5,66.000000mm,-22.000000mm,Top,0.000000
U6,77.000000mm,-24.000000mm,Top,0.000000
U7,91.000000mm,-6.000000mm,Top,0.000000
U8,20.000000mm,-48.000000mm,Top,0.000000
U9,28.000000mm,-54.000000mm,Top,0.000000
U10,63.000000mm,-34.000000mm,Top,0.000000
U11,80.000000mm,-34.000000mm,Top,0.000000
U12,63.000000mm,-46.000000mm,Top,0.000000
U13,75.000000mm,-46.000000mm,Top,0.000000
U14,97.000000mm,-59.000000mm,Top,90.000000
