t,zoom_v
0.5,1.693
1.0,1.693
1.5,1.681
2.0,1.691
2.5,1.697
3.1,1.693
3.6,1.6
4.1,1.682
4.6,1.688
5.1,1.692
5.6,1.691
6.1,1.693
6.6,1.691
7.1,1.697
7.6,1.695
8.1,1.677
8.6,1.694
9.2,1.694
9.7,1.692
10.2,1.693
10.7,1.682
11.2,1.682
11.7,1.687
12.2,1.693
12.7,1.699
13.2,1.698
13.7,1.697
14.2,1.698
14.7,1.693
15.3,1.696
15.8,1.694
16.3,1.691
16.8,1.692
17.3,1.65
17.8,1.691
18.3,1.695
18.8,1.692
19.3,1.692
19.8,1.688
20.4,1.694
20.9,1.633
21.4,1.684
21.9,1.679
22.4,1.648
22.9,1.669
23.4,1.67
23.9,1.687
24.4,1.685
24.9,1.692
25.4,1.689
26.0,1.679
26.5,1.691
27.0,1.688
27.5,1.689
28.0,1.693
28.5,1.675
29.0,1.689
29.5,1.698
30.0,1.698
30.5,1.696
31.0,1.694
31.6,1.685
32.1,1.691
32.6,1.694
33.1,1.694
33.6,1.815
34.1,1.981
34.6,2.284
35.1,2.609
35.6,2.886
36.1,3.248
36.6,3.321
37.2,3.319
37.7,3.314
38.2,3.318
38.7,3.32
39.2,3.318
39.7,3.315
40.2,3.312
40.7,3.359
41.2,3.537
41.7,3.767
42.2,4.012
42.7,4.268
43.3,4.549
43.8,4.662
44.3,4.668
44.8,4.669
45.3,4.667
45.8,4.671
46.3,4.67
46.8,4.664
47.3,4.627
47.8,4.69
48.3,4.831
48.9,5.072
49.4,5.331
49.9,5.601
50.4,5.682
50.9,5.691
51.4,5.693
51.9,5.697
52.4,5.679
52.9,5.691
53.4,5.687
53.9,5.694
54.4,5.716
55.0,5.898
55.5,6.215
56.0,6.551
56.5,6.79
57.0,6.786
57.5,6.782
58.0,6.789
58.5,6.742
59.0,6.749
59.5,6.761
60.0,6.776
60.6,6.775
61.1,6.749
61.6,6.76
62.1,6.772
62.6,6.785
63.1,6.777
63.6,6.765
64.1,6.78
64.6,6.763
65.1,6.781
65.6,6.774
66.1,6.784
66.7,6.794
67.2,6.788
67.7,6.792
68.2,6.768
68.7,6.792
69.2,6.788
69.7,6.779
70.2,6.774
70.7,6.789
71.2,6.791
71.8,6.792
72.3,6.792
72.8,6.788
73.3,6.795
73.8,6.786
74.3,6.779
74.8,6.77
75.3,6.772
75.8,6.746
76.4,6.78
76.9,6.765
77.4,6.747
77.9,6.779
78.4,6.791
78.9,6.787
79.4,6.785
79.9,6.759
80.4,6.773
80.9,6.76
81.4,6.772
82.0,6.78
82.5,6.784
83.0,6.787
83.5,6.767
84.0,6.777
84.5,6.781
85.0,6.787
85.5,6.788
86.0,6.793
86.5,6.767
87.1,6.784
87.6,6.788
88.1,6.783
88.6,6.78
89.1,6.776
89.6,6.781
90.1,6.78
90.6,6.787
91.1,6.789
91.6,6.787
92.1,6.778
92.7,6.785
93.2,6.783
93.7,6.785
94.2,6.779
94.7,6.755
95.2,6.789
95.7,6.79
