t,iris_v
0.5,2.625
1.0,2.632
1.5,2.625
2.0,2.624
2.6,2.614
3.1,2.63
3.6,2.626
4.1,2.627
4.6,2.627
5.1,2.632
5.6,2.63
6.1,2.624
6.6,2.618
7.1,2.62
7.6,2.63
8.2,2.623
8.7,2.629
9.2,2.625
9.7,2.63
10.2,2.624
10.7,2.633
11.2,2.626
11.7,2.626
12.2,2.624
12.7,2.623
13.3,2.619
13.8,2.626
14.3,2.63
14.8,2.628
15.3,2.622
15.8,2.627
16.3,2.626
16.8,1.959
17.3,1.879
17.8,1.873
18.3,1.865
18.9,1.868
19.4,1.873
19.9,1.869
20.4,1.919
20.9,2.101
21.4,2.12
21.9,2.119
22.4,2.115
22.9,2.105
23.4,2.115
23.9,2.112
24.5,2.09
25.0,2.13
25.5,2.829
26.0,2.971
26.5,2.979
27.0,2.987
27.5,2.984
28.0,2.985
28.5,2.984
29.0,2.982
29.5,2.98
30.1,3.021
30.6,3.432
31.1,3.502
31.6,3.504
32.1,3.51
32.6,3.504
33.1,3.515
33.6,3.512
34.1,3.512
34.6,3.51
35.1,3.507
35.7,3.51
36.2,3.776
36.7,4.064
37.2,4.096
37.7,4.094
38.2,4.092
38.7,4.094
39.2,4.09
39.7,4.094
40.2,4.089
40.7,4.083
41.3,4.368
41.8,4.692
42.3,4.744
42.8,4.749
43.3,4.75
43.8,4.748
44.3,4.748
44.8,4.749
45.3,4.735
45.8,4.741
46.3,4.745
46.8,5.103
47.4,5.183
47.9,5.197
48.4,5.201
48.9,5.201
49.4,5.197
49.9,5.2
50.4,5.199
50.9,5.197
51.4,5.488
51.9,5.727
52.4,5.748
53.0,5.754
53.5,5.747
54.0,5.755
54.5,5.718
55.0,5.751
55.5,5.754
56.0,5.84
56.5,6.32
57.0,6.406
57.5,6.445
58.0,6.468
58.6,6.475
59.1,6.478
59.6,6.477
60.1,6.428
60.6,6.448
61.1,6.471
61.6,6.549
62.1,6.88
62.6,6.933
63.1,6.944
63.6,6.945
64.2,6.926
64.7,6.918
65.2,6.929
65.7,6.901
66.2,6.92
66.7,6.931
67.2,6.916
67.7,6.93
68.2,6.931
68.7,6.932
69.3,6.916
69.8,6.926
70.3,6.913
70.8,6.932
71.3,6.932
71.8,6.927
72.3,6.91
72.8,6.91
73.3,6.912
73.8,6.899
74.3,6.901
74.8,6.926
75.4,6.888
75.9,6.924
76.4,6.922
76.9,6.912
77.4,6.927
77.9,6.92
78.4,6.915
78.9,6.923
79.4,6.914
79.9,6.915
80.5,6.898
81.0,6.923
81.5,6.914
82.0,6.877
82.5,6.928
83.0,6.92
83.5,6.925
84.0,6.922
84.5,6.859
85.0,6.908
85.6,6.925
86.1,6.91
86.6,6.931
87.1,6.934
87.6,6.915
88.1,6.847
88.6,6.921
89.1,6.912
89.6,5.788
90.1,3.482
90.7,2.669
91.2,2.634
91.7,2.62
92.2,2.613
92.7,2.614
93.2,2.629
93.7,2.615
94.2,2.618
94.7,2.764
95.2,3.312
95.8,4.681
96.3,6.25
96.8,5.894
97.3,3.705
97.8,2.741
98.3,3.794
98.8,4.129
99.3,4.895
99.8,5.0
100.3,4.462
100.8,3.604
101.4,4.09
101.9,4.548
102.4,5.137
102.9,6.177
103.4,6.518
103.9,6.26
104.4,4.221
104.9,2.748
105.4,3.317
105.9,3.786
106.4,4.23
106.9,4.572
107.5,5.124
108.0,6.157
108.5,6.502
109.0,6.55
109.5,5.286
110.0,3.416
110.5,3.205
111.0,5.172
111.5,5.933
112.0,3.946
112.5,2.979
113.1,4.653
113.6,6.282
114.1,4.803
114.6,3.135
115.1,4.267
115.6,3.736
116.1,4.545
116.6,5.666
117.1,4.182
117.6,3.482
118.1,4.916
118.7,6.034
119.2,5.917
