t,iris_v,zoom_v,focus_v
0.8,,,
1.2,6.91,6.776,-0.267
1.6,6.931,6.798,-0.237
2.0,6.855,6.739,-0.311
2.5,6.899,6.677,-0.27
2.9,6.914,5.932,-0.257
3.3,6.909,4.836,-0.244
3.7,6.912,3.664,-0.249
4.1,6.923,2.255,-0.252
4.5,6.913,1.709,-0.246
4.9,6.907,1.661,-0.25
5.3,6.884,1.644,-0.262
5.7,6.277,1.632,-0.265
6.2,4.295,1.656,-0.261
6.6,2.46,1.653,-0.264
7.0,1.892,1.649,-0.255
7.4,1.834,1.654,-0.256
7.8,1.837,1.657,-0.252
8.2,2.808,1.641,-0.256
8.6,4.673,1.643,-0.256
9.0,6.15,1.65,-0.252
9.4,6.821,1.653,-0.26
9.8,6.876,1.651,-0.258
10.2,6.894,1.639,-0.266
10.6,6.823,1.604,-0.28
11.1,6.89,1.646,-0.26
11.5,6.9,1.653,-0.263
11.9,6.901,1.65,-0.256
12.3,6.906,1.643,-0.25
12.7,6.894,1.651,-0.259
13.1,6.904,1.652,-0.259
13.5,6.899,1.64,-0.257
13.9,6.81,1.607,-0.279
14.3,6.892,1.64,-0.259
14.7,6.89,1.657,-0.259
15.2,6.855,1.57,-0.305
15.6,6.748,1.523,-0.372
16.0,6.853,1.601,-0.306
16.4,6.89,1.629,-0.289
16.8,6.878,1.642,-0.265
17.2,6.891,1.642,-0.258
17.6,6.875,1.624,-0.271
18.0,6.873,1.595,-0.283
18.4,6.858,1.628,-0.265
18.8,6.873,1.631,-0.273
19.3,6.891,1.647,-0.258
19.7,6.863,1.637,-0.265
20.1,6.893,1.646,-0.261
20.5,6.89,1.631,-0.269
20.9,6.9,1.648,-0.259
21.3,6.882,1.622,-0.264
21.7,6.875,1.623,-0.268
22.1,6.664,1.483,-0.355
22.5,6.845,1.604,-0.297
22.9,6.868,1.621,-0.289
23.3,6.851,1.604,-0.296
23.8,6.871,1.632,-0.279
24.2,6.878,1.621,-0.285
24.6,6.867,1.621,-0.28
25.0,6.882,1.614,-0.275
25.4,6.848,1.621,-0.289
25.8,6.892,1.651,-0.263
26.2,6.901,1.646,-0.261
26.6,6.891,1.648,-0.259
27.1,6.867,1.607,-0.279
27.5,6.887,1.649,-0.26
27.9,6.903,1.656,-0.257
28.3,6.837,1.613,-0.295
28.7,6.885,1.648,-0.267
29.1,6.87,1.638,-0.271
29.5,6.894,1.644,-0.259
29.9,6.894,1.645,-0.249
30.3,6.849,1.601,-0.286
30.7,6.883,1.65,-0.258
31.2,6.891,1.646,-0.265
31.6,6.902,1.646,-0.257
32.0,6.901,1.646,-0.25
32.4,6.89,1.625,-0.263
32.8,6.884,1.657,-0.254
33.2,6.65,1.461,-0.358
33.6,6.842,1.61,-0.285
34.0,6.885,1.64,-0.264
34.4,6.885,1.649,-0.255
34.9,6.893,1.652,-0.262
35.3,6.87,1.629,-0.284
35.7,6.876,1.624,-0.27
36.1,6.865,1.601,-0.276
36.5,6.894,1.641,-0.261
