Ref,Value,Footprint,Note
"H1","M3","MountingHole:MountingHole_3.2mm_M3_DIN965_Pad",""
"H2","M3","MountingHole:MountingHole_3.2mm_M3_DIN965_Pad",""
"H3","M3","MountingHole:MountingHole_3.2mm_M3_DIN965_Pad",""
"H4","M3","MountingHole:MountingHole_3.2mm_M3_DIN965_Pad",""
"J1","USB-C PD 12V","Connector_USB:USB_C_Receptacle_HRO_TYPE-C-31-M-12","HRO TYPE-C-31-M-12 (LCSC C165948), SMT by PCBWay"
"U1","CH224A","Package_SO:SSOP-10-1EP_3.9x4.9mm_P1mm_EP2.1x3.3mm","WCH CH224A ESSOP-10, PD sink; SMT by PCBWay"
"R1","24k 1%","Resistor_SMD:R_0805_2012Metric","CFG1 -> 12 V (WCH datasheet table 5-1)"
"C1","1uF 25V","Capacitor_SMD:C_0805_2012Metric","VHV decoupling"
"LED1","green","LED_THT:LED_D3.0mm","PD power good"
"R2","4.7k","Resistor_THT:R_Axial_DIN0207_L6.3mm_D2.5mm_P7.62mm_Horizontal",""
"J2","DC 12V","Connector_BarrelJack:BarrelJack_CUI_PJ-063AH_Horizontal","5.5/2.1 mm, alternative to USB-C"
"D2","1N5822","Diode_THT:D_DO-201AD_P12.70mm_Horizontal","OR-ing, USB-C path"
"D3","1N5822","Diode_THT:D_DO-201AD_P12.70mm_Horizontal","OR-ing, DC jack path"
"F1","MF-RHT200","Fuse:Fuse_Bourns_MF-RHT200","2 A hold, lens + board"
"D5","P6KE18A","Diode_THT:D_DO-15_P10.16mm_Horizontal","TVS, cathode to +12 V"
"C2","470uF 25V","Capacitor_THT:CP_Radial_D10.0mm_P5.00mm","bulk for motor current"
"J3","LENS 12-pin","Connector_JST:JST_XH_B8B-XH-A_1x08_P2.50mm_Vertical","to Hirose HR10 12-pin: 6, 3, 5, 7, 8, 10, 11, 12"
"U2","L7809","Package_TO_SOT_THT:TO-220-3_Vertical","9 V for the LM324"
"C3","330nF","Capacitor_THT:C_Disc_D5.0mm_W2.5mm_P5.00mm",""
"C4","100nF","Capacitor_THT:C_Disc_D5.0mm_W2.5mm_P5.00mm",""
"C5","10uF 25V","Capacitor_THT:CP_Radial_D5.0mm_P2.00mm",""
"U3","R-78E5.0-0.5","Converter_DCDC:Converter_DCDC_RECOM_R-78E-0.5_THT","5 V switcher for the ESP32"
"C6","10uF 25V","Capacitor_THT:CP_Radial_D5.0mm_P2.00mm",""
"C7","22uF 16V","Capacitor_THT:CP_Radial_D5.0mm_P2.00mm",""
"U4","LP2950CZ-3.3","Package_TO_SOT_THT:TO-92_Inline","quiet 3.3 V: DAC, ADC, OLED, pots"
"C8","1uF","Capacitor_THT:C_Disc_D5.0mm_W2.5mm_P5.00mm",""
"C9","10uF 16V","Capacitor_THT:CP_Radial_D5.0mm_P2.00mm",""
"C10","100nF","Capacitor_THT:C_Disc_D5.0mm_W2.5mm_P5.00mm",""
"D4","1N5819","Diode_THT:D_DO-41_SOD81_P10.16mm_Horizontal","no back-feed from the ESP32's USB"
"LED2","red","LED_THT:LED_D3.0mm","5 V present"
"R3","1k","Resistor_THT:R_Axial_DIN0207_L6.3mm_D2.5mm_P7.62mm_Horizontal",""
"U5","LM324","Package_DIP:DIP-14_W7.62mm_Socket","in a socket"
"C11","100nF","Capacitor_THT:C_Disc_D5.0mm_W2.5mm_P5.00mm",""
"R10","10k","Resistor_THT:R_Axial_DIN0207_L6.3mm_D2.5mm_P7.62mm_Horizontal",""
"R11","10k","Resistor_THT:R_Axial_DIN0207_L6.3mm_D2.5mm_P7.62mm_Horizontal","Ra1; 22k for full range"
"R12","5.6k","Resistor_THT:R_Axial_DIN0207_L6.3mm_D2.5mm_P7.62mm_Horizontal","Ra2; 6.8k for full range"
"R13","10k","Resistor_THT:R_Axial_DIN0207_L6.3mm_D2.5mm_P7.62mm_Horizontal",""
"R14","100k","Resistor_THT:R_Axial_DIN0207_L6.3mm_D2.5mm_P7.62mm_Horizontal","DNP parallel to R13, full range only"
"R15","10k","Resistor_THT:R_Axial_DIN0207_L6.3mm_D2.5mm_P7.62mm_Horizontal",""
"R16","1k","Resistor_THT:R_Axial_DIN0207_L6.3mm_D2.5mm_P7.62mm_Horizontal",""
"C12","100nF","Capacitor_THT:C_Disc_D5.0mm_W2.5mm_P5.00mm",""
"R20","100k","Resistor_THT:R_Axial_DIN0207_L6.3mm_D2.5mm_P7.62mm_Horizontal",""
"R21","180k","Resistor_THT:R_Axial_DIN0207_L6.3mm_D2.5mm_P7.62mm_Horizontal",""
"R22","100k","Resistor_THT:R_Axial_DIN0207_L6.3mm_D2.5mm_P7.62mm_Horizontal",""
"R23","180k","Resistor_THT:R_Axial_DIN0207_L6.3mm_D2.5mm_P7.62mm_Horizontal",""
"R24","1.2k","Resistor_THT:R_Axial_DIN0207_L6.3mm_D2.5mm_P7.62mm_Horizontal",""
"R30","100k","Resistor_THT:R_Axial_DIN0207_L6.3mm_D2.5mm_P7.62mm_Horizontal",""
"R31","180k","Resistor_THT:R_Axial_DIN0207_L6.3mm_D2.5mm_P7.62mm_Horizontal",""
"R32","100k","Resistor_THT:R_Axial_DIN0207_L6.3mm_D2.5mm_P7.62mm_Horizontal",""
"R33","180k","Resistor_THT:R_Axial_DIN0207_L6.3mm_D2.5mm_P7.62mm_Horizontal",""
"R34","1.2k","Resistor_THT:R_Axial_DIN0207_L6.3mm_D2.5mm_P7.62mm_Horizontal",""
"R41","100k","Resistor_THT:R_Axial_DIN0207_L6.3mm_D2.5mm_P7.62mm_Horizontal",""
"R42","68k","Resistor_THT:R_Axial_DIN0207_L6.3mm_D2.5mm_P7.62mm_Horizontal",""
"R43","100k","Resistor_THT:R_Axial_DIN0207_L6.3mm_D2.5mm_P7.62mm_Horizontal",""
"R44","68k","Resistor_THT:R_Axial_DIN0207_L6.3mm_D2.5mm_P7.62mm_Horizontal",""
"R45","100k","Resistor_THT:R_Axial_DIN0207_L6.3mm_D2.5mm_P7.62mm_Horizontal",""
"R46","68k","Resistor_THT:R_Axial_DIN0207_L6.3mm_D2.5mm_P7.62mm_Horizontal",""
"R47","100k","Resistor_THT:R_Axial_DIN0207_L6.3mm_D2.5mm_P7.62mm_Horizontal",""
"R48","68k","Resistor_THT:R_Axial_DIN0207_L6.3mm_D2.5mm_P7.62mm_Horizontal",""
"C13","100nF","Capacitor_THT:C_Disc_D5.0mm_W2.5mm_P5.00mm",""
"C14","100nF","Capacitor_THT:C_Disc_D5.0mm_W2.5mm_P5.00mm",""
"C15","100nF","Capacitor_THT:C_Disc_D5.0mm_W2.5mm_P5.00mm",""
"C16","100nF","Capacitor_THT:C_Disc_D5.0mm_W2.5mm_P5.00mm",""
"R40","1k","Resistor_THT:R_Axial_DIN0207_L6.3mm_D2.5mm_P7.62mm_Horizontal",""
"JP1","REMOTE","Connector_PinHeader_2.54mm:PinHeader_1x02_P2.54mm_Vertical","jumper on = iris remote (pin 8)"
"U8","MCP4728 JP2","Connector_PinSocket_2.54mm:PinSocket_1x06_P2.54mm_Vertical","Adafruit 4470, row JP2: GND VA VB VC VD VCC"
"U7","MCP4728 JP1","Connector_PinSocket_2.54mm:PinSocket_1x06_P2.54mm_Vertical","Adafruit 4470, row JP1: VCC GND SCL SDA LDAC RDY"
"U6","ADS1115","Connector_PinSocket_2.54mm:PinSocket_1x10_P2.54mm_Vertical","ADS1115 breakout: VDD GND SCL SDA ADDR ALRT A0 A1 A2 A3, VDD at the bottom"
"U9","OLED","Connector_PinSocket_2.54mm:PinSocket_1x04_P2.54mm_Vertical","0.96in SSD1306: module hangs over the board edge; check your module's pin order"
"J9","OLED cable","Connector_JST:JST_XH_B4B-XH-A_1x04_P2.50mm_Vertical","alternative: OLED on a cable in the case lid (GND VCC SCL SDA)"
"J10","ESP32 L","Connector_PinSocket_2.54mm:PinSocket_1x15_P2.54mm_Vertical","ESP32 DevKit V1 3V3 row"
"J11","ESP32 R 22.86","Connector_PinSocket_2.54mm:PinSocket_1x15_P2.54mm_Vertical","VIN row at 22.86 mm - fit only the one your board needs"
"J12","ESP32 R 25.40","Connector_PinSocket_2.54mm:PinSocket_1x15_P2.54mm_Vertical","VIN row at 25.40 mm - fit only the one your board needs"
"J13","ESP32 R 27.94","Connector_PinSocket_2.54mm:PinSocket_1x15_P2.54mm_Vertical","VIN row at 27.94 mm - fit only the one your board needs"
"J14","S3-ETH IO20 row","Connector_PinSocket_2.54mm:PinSocket_1x20_P2.54mm_Vertical","ESP32-S3-ETH left row (IO20 ... IO33)"
"J15","S3-ETH VBUS row","Connector_PinSocket_2.54mm:PinSocket_1x20_P2.54mm_Vertical","ESP32-S3-ETH right row: VSYS <- 5 V, IO16 SDA, IO17 SCL, IO1/2/3 pots"
"LED3","blue","LED_THT:LED_D3.0mm","status, GPIO25"
"R53","330","Resistor_THT:R_Axial_DIN0207_L6.3mm_D2.5mm_P7.62mm_Horizontal",""
"RV1","10k lin IRIS","Potentiometer_THT:Potentiometer_Alps_RK09K_Single_Vertical","Alps RK09K"
"RV2","10k lin ZOOM","Potentiometer_THT:Potentiometer_Alps_RK09K_Single_Vertical","Alps RK09K with centre detent"
"JP2","IRIS POT","Connector_PinHeader_2.54mm:PinHeader_1x03_P2.54mm_Vertical","1-2 on-board, 2-3 external"
"JP3","ZOOM POT","Connector_PinHeader_2.54mm:PinHeader_1x03_P2.54mm_Vertical","1-2 on-board, 2-3 external"
"RV3","10k lin FOCUS","Potentiometer_THT:Potentiometer_Alps_RK09K_Single_Vertical","Alps RK09K"
"JP4","FOCUS POT","Connector_PinHeader_2.54mm:PinHeader_1x03_P2.54mm_Vertical","1-2 on-board, 2-3 external"
"R50","1k","Resistor_THT:R_Axial_DIN0207_L6.3mm_D2.5mm_P7.62mm_Horizontal",""
"R51","1k","Resistor_THT:R_Axial_DIN0207_L6.3mm_D2.5mm_P7.62mm_Horizontal",""
"R52","1k","Resistor_THT:R_Axial_DIN0207_L6.3mm_D2.5mm_P7.62mm_Horizontal",""
"C20","100nF","Capacitor_THT:C_Disc_D5.0mm_W2.5mm_P5.00mm",""
"C21","100nF","Capacitor_THT:C_Disc_D5.0mm_W2.5mm_P5.00mm",""
"C22","100nF","Capacitor_THT:C_Disc_D5.0mm_W2.5mm_P5.00mm",""
"J4","POT IRIS","Connector_JST:JST_XH_B3B-XH-A_1x03_P2.50mm_Vertical","3V3 / wiper / GND"
"J5","POT ZOOM","Connector_JST:JST_XH_B3B-XH-A_1x03_P2.50mm_Vertical","3V3 / wiper / GND"
"J6","POT FOCUS","Connector_JST:JST_XH_B3B-XH-A_1x03_P2.50mm_Vertical","3V3 / wiper / GND"
"J7","ZOOM DEMAND","Connector_JST:JST_XH_B4B-XH-A_1x04_P2.50mm_Vertical","black grip socket: GND, pin 6, pin 7, pin 9"
"J8","FOCUS DEMAND","Connector_JST:JST_XH_B4B-XH-A_1x04_P2.50mm_Vertical","focus module socket - pinout to be measured"
"TP1","V12","TestPoint:TestPoint_THTPad_1.5x1.5mm_Drill0.7mm",""
"TP2","V9","TestPoint:TestPoint_THTPad_1.5x1.5mm_Drill0.7mm",""
"TP3","V5","TestPoint:TestPoint_THTPad_1.5x1.5mm_Drill0.7mm",""
"TP4","A3V3","TestPoint:TestPoint_THTPad_1.5x1.5mm_Drill0.7mm",""
"TP5","IRIS_CTRL","TestPoint:TestPoint_THTPad_1.5x1.5mm_Drill0.7mm",""
"TP6","ZOOM_CTRL","TestPoint:TestPoint_THTPad_1.5x1.5mm_Drill0.7mm",""
"TP7","FOCUS_CTRL","TestPoint:TestPoint_THTPad_1.5x1.5mm_Drill0.7mm",""
"TP8","I_P","TestPoint:TestPoint_THTPad_1.5x1.5mm_Drill0.7mm",""
"TP9","GND","TestPoint:TestPoint_THTPad_1.5x1.5mm_Drill0.7mm",""
"TP10","GND","TestPoint:TestPoint_THTPad_1.5x1.5mm_Drill0.7mm",""
